modzcta,modzcta_name,label,lat,lon,hospitalization_count_28day,hospitalization_rate_28day,death_count_28day,death_rate_28day,daterange
10001,Chelsea/NoMad/West Chelsea,"10001, 10118",40.750693,-73.997137,8,29.0,0,0.0,September 24-October 21
10002,Chinatown/Lower East Side,10002,40.715781,-73.986176,43,57.1,5,6.6,September 24-October 21
10003,East Village/Gramercy/Greenwich Village,10003,40.731825,-73.989164,14,25.9,0,0.0,September 24-October 21
10004,Financial District,10004,40.703675,-74.013106,0,0.0,0,0.0,September 24-October 21
10005,Financial District,10005,40.706092,-74.008861,6,68.5,0,0.0,September 24-October 21
10006,Financial District,10006,40.709651,-74.013044,0,0.0,0,0.0,September 24-October 21
10007,TriBeCa,10007,40.713923,-74.007546,0,0.0,0,0.0,September 24-October 21
10009,Alphabet City/East Village/Stuyvesant Town-Cooper Village,10009,40.72638,-73.978704,23,40.2,,,September 24-October 21
10010,Flatiron/Gramercy/Kips Bay,10010,40.739119,-73.982544,5,15.0,,,September 24-October 21
10011,Chelsea,10011,40.741707,-74.000062,11,22.1,0,0.0,September 24-October 21
10012,Greenwich Village/SoHo,10012,40.725576,-73.998078,3,,,,September 24-October 21
10013,Hudson Square/Little Italy/SoHo/TriBeCa,10013,40.720096,-74.004763,12,41.6,,,September 24-October 21
10014,Hudson Square/Meatpacking District/West Village,10014,40.73402,-74.006314,7,23.1,,,September 24-October 21
10016,Kips Bay/Murray Hill/NoMad,10016,40.745174,-73.978319,14,27.5,,,September 24-October 21
10017,East Midtown/Murray Hill,10017,40.752543,-73.973037,5,32.0,,,September 24-October 21
10018,Hell's Kitchen/Midtown Manhattan,10018,40.755191,-73.992667,2,,0,0.0,September 24-October 21
10019,Hell's Kitchen/Midtown Manhattan,"10019, 10020",40.76528,-73.985974,14,32.2,0,0.0,September 24-October 21
10021,Lenox Hill/Upper East Side,10021,40.769474,-73.958771,12,26.2,,,September 24-October 21
10022,East Midtown,10022,40.758676,-73.968098,10,32.4,0,0.0,September 24-October 21
10023,Lincoln Square,10023,40.775901,-73.982658,23,37.2,,,September 24-October 21
10024,Upper West Side,10024,40.792085,-73.974871,16,27.4,,,September 24-October 21
10025,Manhattan Valley/Morningside Heights/Upper West Side,10025,40.798651,-73.966585,34,37.1,10,10.9,September 24-October 21
10026,Central Harlem (South),10026,40.802341,-73.952521,15,38.8,,,September 24-October 21
10027,Central Harlem (South)/Morningside Heights/West Harlem,10027,40.8118,-73.953204,24,37.9,,,September 24-October 21
10028,Upper East Side/Yorkville,10028,40.776432,-73.953509,10,21.1,,,September 24-October 21
10029,East Harlem,10029,40.791777,-73.943969,35,44.7,,,September 24-October 21
10030,Central Harlem (North),10030,40.818326,-73.942842,5,17.1,,,September 24-October 21
10031,Hamilton Heights/West Harlem,10031,40.825278,-73.950037,25,42.4,,,September 24-October 21
10032,Washington Heights (South),10032,40.838768,-73.942824,20,31.7,,,September 24-October 21
10033,Washington Heights (North)/Washington Heights (South),10033,40.850497,-73.934007,12,20.5,0,0.0,September 24-October 21
10034,Inwood/Washington Heights (North),10034,40.867168,-73.924048,16,37.9,0,0.0,September 24-October 21
10035,East Harlem,10035,40.791,-73.924596,22,62.4,,,September 24-October 21
10036,Hell's Kitchen/Midtown Manhattan,10036,40.75916,-73.989705,14,51.4,0,0.0,September 24-October 21
10037,Central Harlem (North)/East Harlem,10037,40.812957,-73.937419,13,62.5,0,0.0,September 24-October 21
10038,Chinatown/Financial District,10038,40.709696,-74.002391,7,30.6,0,0.0,September 24-October 21
10039,Central Harlem (North)/Washington Heights (South),10039,40.830807,-73.936247,12,44.1,,,September 24-October 21
10040,Washington Heights (North),10040,40.85831,-73.93049,12,27.3,,,September 24-October 21
10044,Roosevelt Island,10044,40.761931,-73.949924,2,,,,September 24-October 21
10065,Lenox Hill/Upper East Side,10065,40.764616,-73.963135,13,46.6,,,September 24-October 21
10069,Lincoln Square,10069,40.775924,-73.990256,0,0.0,0,0.0,September 24-October 21
10075,Lenox Hill/Upper East Side,"10075, 10162",40.773132,-73.955884,5,21.7,,,September 24-October 21
10128,Upper East Side/Yorkville,10128,40.781466,-73.950226,16,27.3,0,0.0,September 24-October 21
10280,Battery Park City,10280,40.709318,-74.016654,1,,0,0.0,September 24-October 21
10282,Battery Park City,10282,40.716409,-74.015077,0,0.0,0,0.0,September 24-October 21
10301,Silver Lake/St. George,10301,40.628224,-74.096232,35,90.0,,,September 24-October 21
10302,Elm Park,10302,40.630598,-74.137891,9,48.7,,,September 24-October 21
10303,Graniteville/Mariner's Harbor/Port Ivory,10303,40.632135,-74.169166,20,75.4,,,September 24-October 21
10304,New Dorp/Todt Hill,10304,40.605985,-74.0943,24,57.3,8,19.1,September 24-October 21
10305,Arrochar/Midland Beach/Shore Acres/South Beach Ocean Breeze,10305,40.595474,-74.075437,21,49.0,,,September 24-October 21
10306,Lighthouse Hill/Midland Beach/New Dorp/Oakwood,10306,40.571571,-74.125541,34,64.4,,,September 24-October 21
10307,Tottenville,10307,40.507771,-74.24227,6,40.2,0,0.0,September 24-October 21
10308,Great Kills,10308,40.551574,-74.150454,9,30.2,,,September 24-October 21
10309,Charleston/Prince's Bay/Woodrow,10309,40.531355,-74.220574,14,42.5,,,September 24-October 21
10310,Port Richmond/Randall Manor/West Brighton,10310,40.632398,-74.11618,9,38.4,0,0.0,September 24-October 21
10312,Annadale/Rossville,10312,40.545128,-74.18169,35,57.3,6,9.8,September 24-October 21
10314,Bloomfield/Freshkills Park,10314,40.599333,-74.166462,52,56.2,,,September 24-October 21
10451,Concourse/Melrose,10451,40.820705,-73.923865,19,40.1,,,September 24-October 21
10452,Concourse/Highbridge,10452,40.837364,-73.923461,15,19.9,,,September 24-October 21
10453,Morris Heights/Mount Hope/University Heights,10453,40.852304,-73.913578,22,28.0,,,September 24-October 21
10454,Mott Haven/Port Morris,10454,40.805487,-73.916605,21,55.5,,,September 24-October 21
10455,Mott Haven,10455,40.8147,-73.908583,25,59.7,,,September 24-October 21
10456,Claremont/Morrisania,10456,40.829884,-73.908121,36,38.6,0,0.0,September 24-October 21
10457,Belmont/Claremont/Mount Hope/Tremont,10457,40.847151,-73.898676,26,35.3,,,September 24-October 21
10458,Belmont/Fordham University/Kingsbridge,10458,40.862531,-73.88817,23,27.8,,,September 24-October 21
10459,Charlotte Gardens/Hunts Point,10459,40.82584,-73.892976,26,54.3,0,0.0,September 24-October 21
10460,Charlotte Gardens/Tremont/Van Nest/West Farms,10460,40.841753,-73.879584,25,42.5,,,September 24-October 21
10461,Morris Park/Pelham Bay/Westchester Square,10461,40.847415,-73.840601,16,32.6,,,September 24-October 21
10462,Parkchester/Pelham Parkway/Van Nest/Westchester Square,10462,40.842874,-73.858772,31,41.2,,,September 24-October 21
10463,Kingsbridge/Marble Hill/Riverdale/Spuyten Duyvil,10463,40.880824,-73.906514,38,54.3,7,10.0,September 24-October 21
10464,City Island,10464,40.872311,-73.804653,2,,,,September 24-October 21
10465,Country Club/Throgs Neck,10465,40.823931,-73.822886,16,37.1,,,September 24-October 21
10466,Edenwald/Wakefield,10466,40.890965,-73.845912,21,29.4,0,0.0,September 24-October 21
10467,Allerton/Norwood/Pelham Parkway/Williamsbridge,10467,40.880939,-73.873956,43,42.1,,,September 24-October 21
10468,Fordham/Kingsbridge/University Heights,10468,40.868161,-73.899844,31,39.8,,,September 24-October 21
10469,Allerton/Baychester/Pelham Gardens/Williamsbridge,10469,40.86876,-73.846984,34,46.8,,,September 24-October 21
10470,Wakefield/Woodlawn,10470,40.895986,-73.86802,11,73.4,0,0.0,September 24-October 21
10471,Fieldston/North Riverdale/Riverdale,10471,40.899509,-73.901518,10,47.1,,,September 24-October 21
10472,Soundview,10472,40.829561,-73.869393,34,50.0,0,0.0,September 24-October 21
10473,Castle Hill/Clason Point/Soundview,10473,40.818135,-73.858718,29,49.1,,,September 24-October 21
10474,Hunts Point,10474,40.810595,-73.884618,2,,0,0.0,September 24-October 21
10475,Co-op City/Edenwald,10475,40.868941,-73.824854,29,67.9,7,16.4,September 24-October 21
11004,Bellerose/Douglaston-Little Neck,"11004, 11005",40.748068,-73.710907,8,42.2,0,0.0,September 24-October 21
11101,Astoria (South)/Long Island City/Sunnyside,11101,40.747077,-73.938586,15,40.7,0,0.0,September 24-October 21
11102,Astoria (North),11102,40.772498,-73.925912,10,33.3,0,0.0,September 24-October 21
11103,Astoria (North)/Astoria (South),11103,40.762536,-73.913541,12,34.3,0,0.0,September 24-October 21
11104,Sunnyside,11104,40.744658,-73.920205,5,19.7,0,0.0,September 24-October 21
11105,Ditmars Steinway,11105,40.778969,-73.906286,7,19.3,,,September 24-October 21
11106,Astoria (South),11106,40.761792,-73.931771,10,26.7,0,0.0,September 24-October 21
11109,Long Island City,11109,40.746211,-73.956999,0,0.0,0,0.0,September 24-October 21
11201,Brooklyn Heights/DUMBO/Downtown Brooklyn,11201,40.694609,-73.989581,16,25.7,,,September 24-October 21
11203,East Flatbush (North)/East Flatbush (South),11203,40.649576,-73.934363,29,39.6,,,September 24-October 21
11204,Bensonhurst/Mapleton,11204,40.618774,-73.984824,29,37.6,5,6.5,September 24-October 21
11205,Bedford-Stuyvesant (West)/Clinton Hill/Fort Greene,11205,40.694625,-73.966212,22,48.5,,,September 24-October 21
11206,Williamsburg (South),11206,40.701957,-73.942361,24,27.7,,,September 24-October 21
11207,Cypress Hills/East New York,11207,40.670819,-73.894255,23,25.8,,,September 24-October 21
11208,Cypress Hills/East New York,11208,40.668385,-73.871084,35,36.6,,,September 24-October 21
11209,Bay Ridge/Fort Hamilton,11209,40.621811,-74.030011,24,35.5,,,September 24-October 21
11210,Flatlands/Midwood,11210,40.628165,-73.946316,21,32.0,0,0.0,September 24-October 21
11211,East Williamsburg/Williamsburg (North)/Williamsburg (South),"11211, 11249",40.712334,-73.953851,30,29.5,,,September 24-October 21
11212,Ocean Hill-Brownsville,11212,40.662935,-73.913011,33,44.6,,,September 24-October 21
11213,Crown Heights (East),11213,40.671074,-73.93633,20,31.0,,,September 24-October 21
11214,Bath Beach/Bensonhurst/Gravesend,11214,40.598729,-73.99621,32,34.5,8,8.6,September 24-October 21
11215,Gowanus/Park Slope/Windsor Terrace,11215,40.66252,-73.986872,13,18.7,,,September 24-October 21
11216,Bedford-Stuyvesant (West)/Crown Heights (West),11216,40.680785,-73.94931,10,18.2,0,0.0,September 24-October 21
11217,Boerum Hill/Park Slope,"11217, 11243",40.682417,-73.97938,11,26.9,,,September 24-October 21
11218,Kensington/Windsor Terrace,11218,40.64348,-73.976044,19,25.7,,,September 24-October 21
11219,Borough Park,11219,40.632662,-73.996666,23,25.5,,,September 24-October 21
11220,Sunset Park,11220,40.641081,-74.016495,32,33.8,,,September 24-October 21
11221,Bedford-Stuyvesant (East)/Bushwick,11221,40.691339,-73.927885,27,33.2,,,September 24-October 21
11222,Greenpoint,11222,40.728292,-73.947562,12,33.2,,,September 24-October 21
11223,Gravesend/Homecrest,11223,40.597169,-73.973422,31,38.0,,,September 24-October 21
11224,Brighton Beach/Coney Island/Seagate,11224,40.57666,-73.988581,34,73.5,5,10.8,September 24-October 21
11225,Crown Heights (West)/Prospect Lefferts Gardens,11225,40.663056,-73.954226,17,29.6,0,0.0,September 24-October 21
11226,Flatbush/Prospect Lefferts Gardens,11226,40.646456,-73.956654,25,25.7,,,September 24-October 21
11228,Bath Beach/Dyker Heights,11228,40.616715,-74.013054,13,28.9,,,September 24-October 21
11229,Gerritsen Beach/Homecrest/Sheepshead Bay,11229,40.601175,-73.944465,36,43.1,,,September 24-October 21
11230,Midwood,11230,40.622164,-73.965096,33,37.1,,,September 24-October 21
11231,Carroll Gardens/Cobble Hill/Red Hook,11231,40.677562,-74.004445,6,16.1,0,0.0,September 24-October 21
11232,Sunset Park,11232,40.655984,-74.005304,7,25.8,0,0.0,September 24-October 21
11233,Bedford-Stuyvesant (East)/Ocean Hill-Brownsville,11233,40.678302,-73.919931,26,35.0,,,September 24-October 21
11234,Bergen Beach/Flatlands/Marine Park/Mill Basin,11234,40.60758,-73.910513,29,30.8,0,0.0,September 24-October 21
11235,Brighton Beach/Manhattan Beach/Sheepshead Bay,11235,40.583915,-73.949669,40,51.2,,,September 24-October 21
11236,Canarsie,11236,40.640004,-73.901459,34,35.0,,,September 24-October 21
11237,Bushwick/East Williamsburg,11237,40.704153,-73.920883,15,31.2,,,September 24-October 21
11238,Clinton Hill/Prospect Heights,11238,40.679179,-73.963804,14,26.1,,,September 24-October 21
11239,East New York,11239,40.64753,-73.882398,12,92.1,0,0.0,September 24-October 21
11354,Flushing/Murray Hill,11354,40.76863,-73.827229,24,44.5,,,September 24-October 21
11355,Flushing/Murray Hill/Queensboro Hill,11355,40.751459,-73.821014,26,33.0,,,September 24-October 21
11356,College Point,11356,40.784867,-73.841495,11,48.2,,,September 24-October 21
11357,Whitestone,11357,40.78639,-73.810964,21,54.2,,,September 24-October 21
11358,Auburndale/Murray Hill,11358,40.760475,-73.79637,8,22.2,6,16.7,September 24-October 21
11360,Bayside (North),11360,40.78205,-73.7808,7,36.8,,,September 24-October 21
11361,Bayside (North)/Bayside (South),11361,40.763748,-73.772419,7,26.5,,,September 24-October 21
11362,Douglaston-Little Neck,11362,40.756533,-73.736995,14,77.3,,,September 24-October 21
11363,Douglaston-Little Neck,11363,40.772803,-73.746444,1,,0,0.0,September 24-October 21
11364,Bayside (South)/Oakland Gardens,11364,40.745279,-73.760578,14,39.2,,,September 24-October 21
11365,Auburndale/Fresh Meadows/Pomonok/Utopia,11365,40.739775,-73.794806,15,34.2,,,September 24-October 21
11366,Fresh Meadows/Hillcrest,11366,40.728136,-73.784981,4,,,,September 24-October 21
11367,Kew Gardens Hills/Pomonok,11367,40.730383,-73.826297,14,34.4,,,September 24-October 21
11368,Corona/North Corona,11368,40.749594,-73.852604,32,29.0,,,September 24-October 21
11369,Airport/East Elmhurst,11369,40.768944,-73.872812,12,35.7,,,September 24-October 21
11370,Jackson Heights/Rikers Island,11370,40.763466,-73.891021,13,40.9,,,September 24-October 21
11372,Jackson Heights,11372,40.75169,-73.883634,27,44.5,,,September 24-October 21
11373,Elmhurst,11373,40.738823,-73.8785,35,38.2,,,September 24-October 21
11374,Rego Park,11374,40.726441,-73.861497,25,60.4,,,September 24-October 21
11375,Forest Hills,11375,40.720931,-73.846184,36,50.5,6,8.4,September 24-October 21
11377,Woodside,11377,40.744823,-73.90516,37,44.0,,,September 24-October 21
11378,Maspeth,11378,40.724768,-73.909399,11,30.4,,,September 24-October 21
11379,Middle Village,11379,40.716758,-73.879597,12,32.8,,,September 24-October 21
11385,Glendale/Ridgewood,11385,40.701058,-73.890159,42,40.5,,,September 24-October 21
11411,Cambria Heights,11411,40.694202,-73.735998,7,32.7,0,0.0,September 24-October 21
11412,St. Albans,11412,40.698095,-73.758984,13,34.1,,,September 24-October 21
11413,Laurelton/Rosedale,11413,40.669738,-73.750842,20,46.3,0,0.0,September 24-October 21
11414,Hamilton Beach/Howard Beach/Lindenwood,11414,40.658266,-73.844905,12,42.3,0,0.0,September 24-October 21
11415,Kew Gardens,11415,40.708323,-73.828212,1,,0,0.0,September 24-October 21
11416,Ozone Park,11416,40.684652,-73.849549,9,34.1,,,September 24-October 21
11417,Ozone Park,11417,40.676457,-73.844522,14,45.1,0,0.0,September 24-October 21
11418,Richmond Hill,11418,40.700236,-73.836062,11,29.3,0,0.0,September 24-October 21
11419,Richmond Hill/South Ozone Park,11419,40.688676,-73.822901,21,43.3,0,0.0,September 24-October 21
11420,South Ozone Park,11420,40.673518,-73.817812,11,23.0,,,September 24-October 21
11421,Woodhaven,11421,40.69405,-73.85867,16,40.0,,,September 24-October 21
11422,Rosedale,11422,40.660819,-73.73608,10,30.9,,,September 24-October 21
11423,Hollis/Holliswood,11423,40.71491,-73.767865,15,48.2,,,September 24-October 21
11426,Bellerose,11426,40.736521,-73.722384,9,44.6,0,0.0,September 24-October 21
11427,Bellerose/Hollis Hills/Holliswood,11427,40.730915,-73.745611,11,46.7,0,0.0,September 24-October 21
11428,Queens Village,11428,40.721015,-73.742206,8,43.1,0,0.0,September 24-October 21
11429,Queens Village,11429,40.709772,-73.738731,14,50.3,,,September 24-October 21
11432,Hillcrest/Jamaica Estates/Jamaica Hills,11432,40.715359,-73.793064,30,49.4,,,September 24-October 21
11433,Jamaica,11433,40.69823,-73.787095,12,32.9,,,September 24-October 21
11434,Airport/South Jamaica/Springfield Gardens/St. Albans,11434,40.656866,-73.783386,37,55.4,6,9.0,September 24-October 21
11435,Briarwood/Jamaica,11435,40.701291,-73.809618,22,37.7,,,September 24-October 21
11436,South Jamaica/South Ozone Park,11436,40.675819,-73.796618,6,29.9,,,September 24-October 21
11691,Edgemere/Far Rockaway,11691,40.60133,-73.761357,19,28.4,,,September 24-October 21
11692,Arverne/Edgemere,11692,40.592794,-73.792203,4,,,,September 24-October 21
11693,Arverne/Broad Channel,11693,40.603699,-73.821926,3,,0,0.0,September 24-October 21
11694,Belle Harbor-Neponsit/Rockaway Park,11694,40.577599,-73.844553,9,43.3,0,0.0,September 24-October 21
11697,Breezy Point,11697,40.55907,-73.907199,2,,0,0.0,September 24-October 21
