modzcta,modzcta_name,label,lat,lon,percentpositivity_7day,people_tested,people_positive,median_daily_test_rate,adequately_tested,daterange
10001,Chelsea/NoMad/West Chelsea,"10001, 10118",40.750693,-73.997137,11.59,276,32,141.2,No,October 26-November 1
10002,Chinatown/Lower East Side,10002,40.715781,-73.986176,13.02,676,88,144.7,No,October 26-November 1
10003,East Village/Gramercy/Greenwich Village,10003,40.731825,-73.989164,9.83,539,53,161.2,No,October 26-November 1
10004,Financial District,10004,40.703675,-74.013106,8.7,23,2,100.9,No,October 26-November 1
10005,Financial District,10005,40.706092,-74.008861,9.52,63,6,125.6,No,October 26-November 1
10006,Financial District,10006,40.709651,-74.013044,9.52,21,2,59.1,No,October 26-November 1
10007,TriBeCa,10007,40.713923,-74.007546,6.38,47,3,100.1,No,October 26-November 1
10009,Alphabet City/East Village/Stuyvesant Town-Cooper Village,10009,40.72638,-73.978704,12.32,609,75,182,No,October 26-November 1
10010,Flatiron/Gramercy/Kips Bay,10010,40.739119,-73.982544,10.09,317,32,176.9,No,October 26-November 1
10011,Chelsea,10011,40.741707,-74.000062,15.71,452,71,162.8,No,October 26-November 1
10012,Greenwich Village/SoHo,10012,40.725576,-73.998078,11.39,202,23,155.5,No,October 26-November 1
10013,Hudson Square/Little Italy/SoHo/TriBeCa,10013,40.720096,-74.004763,10.04,239,24,135.3,No,October 26-November 1
10014,Hudson Square/Meatpacking District/West Village,10014,40.73402,-74.006314,10.9,266,29,145,No,October 26-November 1
10016,Kips Bay/Murray Hill/NoMad,10016,40.745174,-73.978319,12.76,533,68,200.3,No,October 26-November 1
10017,East Midtown/Murray Hill,10017,40.752543,-73.973037,12.89,194,25,192.1,No,October 26-November 1
10018,Hell's Kitchen/Midtown Manhattan,10018,40.755191,-73.992667,8.74,103,9,135.7,No,October 26-November 1
10019,Hell's Kitchen/Midtown Manhattan,"10019, 10020",40.76528,-73.985974,12.11,479,58,190.7,No,October 26-November 1
10021,Lenox Hill/Upper East Side,10021,40.769474,-73.958771,9.06,508,46,176.6,No,October 26-November 1
10022,East Midtown,10022,40.758676,-73.968098,9.07,375,34,187.7,No,October 26-November 1
10023,Lincoln Square,10023,40.775901,-73.982658,12.79,821,105,229.8,No,October 26-November 1
10024,Upper West Side,10024,40.792085,-73.974871,11.25,711,80,224.3,No,October 26-November 1
10025,Manhattan Valley/Morningside Heights/Upper West Side,10025,40.798651,-73.966585,9.79,1307,128,249.9,No,October 26-November 1
10026,Central Harlem (South),10026,40.802341,-73.952521,11.88,421,50,199.1,No,October 26-November 1
10027,Central Harlem (South)/Morningside Heights/West Harlem,10027,40.8118,-73.953204,8.89,754,67,183,No,October 26-November 1
10028,Upper East Side/Yorkville,10028,40.776432,-73.953509,8.84,498,44,171,No,October 26-November 1
10029,East Harlem,10029,40.791777,-73.943969,12.95,834,108,170,No,October 26-November 1
10030,Central Harlem (North),10030,40.818326,-73.942842,10.81,259,28,164,No,October 26-November 1
10031,Hamilton Heights/West Harlem,10031,40.825278,-73.950037,7.77,605,47,183,No,October 26-November 1
10032,Washington Heights (South),10032,40.838768,-73.942824,12.23,564,69,150.7,No,October 26-November 1
10033,Washington Heights (North)/Washington Heights (South),10033,40.850497,-73.934007,8.67,623,54,182.9,No,October 26-November 1
10034,Inwood/Washington Heights (North),10034,40.867168,-73.924048,7.51,466,35,198.9,No,October 26-November 1
10035,East Harlem,10035,40.791,-73.924596,9.94,483,48,193,No,October 26-November 1
10036,Hell's Kitchen/Midtown Manhattan,10036,40.75916,-73.989705,7.24,387,28,238.6,No,October 26-November 1
10037,Central Harlem (North)/East Harlem,10037,40.812957,-73.937419,14.49,214,31,182.8,No,October 26-November 1
10038,Chinatown/Financial District,10038,40.709696,-74.002391,12.07,174,21,131.2,No,October 26-November 1
10039,Central Harlem (North)/Washington Heights (South),10039,40.830807,-73.936247,5.41,222,12,147.2,No,October 26-November 1
10040,Washington Heights (North),10040,40.85831,-73.93049,8.97,468,42,177.4,No,October 26-November 1
10044,Roosevelt Island,10044,40.761931,-73.949924,9.02,122,11,128.5,No,October 26-November 1
10065,Lenox Hill/Upper East Side,10065,40.764616,-73.963135,9.78,460,45,243.7,No,October 26-November 1
10069,Lincoln Square,10069,40.775924,-73.990256,6.14,114,7,270.5,Yes,October 26-November 1
10075,Lenox Hill/Upper East Side,"10075, 10162",40.773132,-73.955884,7.36,299,22,217,No,October 26-November 1
10128,Upper East Side/Yorkville,10128,40.781466,-73.950226,11.78,645,76,193,No,October 26-November 1
10280,Battery Park City,10280,40.709318,-74.016654,11.86,59,7,96.3,No,October 26-November 1
10282,Battery Park City,10282,40.716409,-74.015077,4.55,44,2,125.6,No,October 26-November 1
10301,Silver Lake/St. George,10301,40.628224,-74.096232,10.71,364,39,146.5,No,October 26-November 1
10302,Elm Park,10302,40.630598,-74.137891,7.03,185,13,162.3,No,October 26-November 1
10303,Graniteville/Mariner's Harbor/Port Ivory,10303,40.632135,-74.169166,11.29,248,28,143.3,No,October 26-November 1
10304,New Dorp/Todt Hill,10304,40.605985,-74.0943,11.05,371,41,145.6,No,October 26-November 1
10305,Arrochar/Midland Beach/Shore Acres/South Beach Ocean Breeze,10305,40.595474,-74.075437,13.04,414,54,149.3,No,October 26-November 1
10306,Lighthouse Hill/Midland Beach/New Dorp/Oakwood,10306,40.571571,-74.125541,12.1,496,60,155.3,No,October 26-November 1
10307,Tottenville,10307,40.507771,-74.24227,6.09,115,7,107.3,No,October 26-November 1
10308,Great Kills,10308,40.551574,-74.150454,12.45,249,31,130.8,No,October 26-November 1
10309,Charleston/Prince's Bay/Woodrow,10309,40.531355,-74.220574,10.57,265,28,133.6,No,October 26-November 1
10310,Port Richmond/Randall Manor/West Brighton,10310,40.632398,-74.11618,11.79,212,25,123.7,No,October 26-November 1
10312,Annadale/Rossville,10312,40.545128,-74.18169,12.71,535,68,139.2,No,October 26-November 1
10314,Bloomfield/Freshkills Park,10314,40.599333,-74.166462,8.64,764,66,131.9,No,October 26-November 1
10451,Concourse/Melrose,10451,40.820705,-73.923865,8.15,417,34,141.4,No,October 26-November 1
10452,Concourse/Highbridge,10452,40.837364,-73.923461,6.53,628,41,142.3,No,October 26-November 1
10453,Morris Heights/Mount Hope/University Heights,10453,40.852304,-73.913578,9.52,683,65,123.3,No,October 26-November 1
10454,Mott Haven/Port Morris,10454,40.805487,-73.916605,12.88,295,38,132.2,No,October 26-November 1
10455,Mott Haven,10455,40.8147,-73.908583,8.75,400,35,159.9,No,October 26-November 1
10456,Claremont/Morrisania,10456,40.829884,-73.908121,11.76,808,95,162,No,October 26-November 1
10457,Belmont/Claremont/Mount Hope/Tremont,10457,40.847151,-73.898676,10.26,663,68,142.4,No,October 26-November 1
10458,Belmont/Fordham University/Kingsbridge,10458,40.862531,-73.88817,8.77,844,74,169.2,No,October 26-November 1
10459,Charlotte Gardens/Hunts Point,10459,40.82584,-73.892976,12.18,435,53,142,No,October 26-November 1
10460,Charlotte Gardens/Tremont/Van Nest/West Farms,10460,40.841753,-73.879584,9.98,571,57,166.5,No,October 26-November 1
10461,Morris Park/Pelham Bay/Westchester Square,10461,40.847415,-73.840601,14.15,537,76,175.2,No,October 26-November 1
10462,Parkchester/Pelham Parkway/Van Nest/Westchester Square,10462,40.842874,-73.858772,12.58,779,98,160.7,No,October 26-November 1
10463,Kingsbridge/Marble Hill/Riverdale/Spuyten Duyvil,10463,40.880824,-73.906514,11.06,714,79,161.5,No,October 26-November 1
10464,City Island,10464,40.872311,-73.804653,7.89,38,3,140,No,October 26-November 1
10465,Country Club/Throgs Neck,10465,40.823931,-73.822886,10.88,386,42,143.8,No,October 26-November 1
10466,Edenwald/Wakefield,10466,40.890965,-73.845912,11.99,659,79,154.3,No,October 26-November 1
10467,Allerton/Norwood/Pelham Parkway/Williamsbridge,10467,40.880939,-73.873956,13.54,1012,137,167.6,No,October 26-November 1
10468,Fordham/Kingsbridge/University Heights,10468,40.868161,-73.899844,10.87,736,80,160.6,No,October 26-November 1
10469,Allerton/Baychester/Pelham Gardens/Williamsbridge,10469,40.86876,-73.846984,12.72,574,73,123.9,No,October 26-November 1
10470,Wakefield/Woodlawn,10470,40.895986,-73.86802,10.93,183,20,193.4,No,October 26-November 1
10471,Fieldston/North Riverdale/Riverdale,10471,40.899509,-73.901518,8.57,210,18,174.2,No,October 26-November 1
10472,Soundview,10472,40.829561,-73.869393,6.74,623,42,154.5,No,October 26-November 1
10473,Castle Hill/Clason Point/Soundview,10473,40.818135,-73.858718,12,600,72,165.8,No,October 26-November 1
10474,Hunts Point,10474,40.810595,-73.884618,5.13,78,4,100.2,No,October 26-November 1
10475,Co-op City/Edenwald,10475,40.868941,-73.824854,13.11,412,54,154.4,No,October 26-November 1
11004,Bellerose/Douglaston-Little Neck,"11004, 11005",40.748068,-73.710907,10.13,158,16,137.2,No,October 26-November 1
11101,Astoria (South)/Long Island City/Sunnyside,11101,40.747077,-73.938586,12.25,506,62,211.8,No,October 26-November 1
11102,Astoria (North),11102,40.772498,-73.925912,10.73,354,38,209.7,No,October 26-November 1
11103,Astoria (North)/Astoria (South),11103,40.762536,-73.913541,13.37,359,48,148.8,No,October 26-November 1
11104,Sunnyside,11104,40.744658,-73.920205,11.28,257,29,176.9,No,October 26-November 1
11105,Ditmars Steinway,11105,40.778969,-73.906286,8.64,405,35,190.7,No,October 26-November 1
11106,Astoria (South),11106,40.761792,-73.931771,11.97,376,45,165.6,No,October 26-November 1
11109,Long Island City,11109,40.746211,-73.956999,13.21,53,7,156.2,No,October 26-November 1
11201,Brooklyn Heights/DUMBO/Downtown Brooklyn,11201,40.694609,-73.989581,10.74,717,77,195.8,No,October 26-November 1
11203,East Flatbush (North)/East Flatbush (South),11203,40.649576,-73.934363,15.31,542,83,128.2,No,October 26-November 1
11204,Bensonhurst/Mapleton,11204,40.618774,-73.984824,5.23,1148,60,151.8,No,October 26-November 1
11205,Bedford-Stuyvesant (West)/Clinton Hill/Fort Greene,11205,40.694625,-73.966212,7.63,472,36,163.2,No,October 26-November 1
11206,Williamsburg (South),11206,40.701957,-73.942361,9.95,844,84,177.6,No,October 26-November 1
11207,Cypress Hills/East New York,11207,40.670819,-73.894255,12.07,911,110,174.1,No,October 26-November 1
11208,Cypress Hills/East New York,11208,40.668385,-73.871084,10.11,1048,106,188.4,No,October 26-November 1
11209,Bay Ridge/Fort Hamilton,11209,40.621811,-74.030011,13.23,665,88,168.9,No,October 26-November 1
11210,Flatlands/Midwood,11210,40.628165,-73.946316,10.41,461,48,121.8,No,October 26-November 1
11211,East Williamsburg/Williamsburg (North)/Williamsburg (South),"11211, 11249",40.712334,-73.953851,6.96,962,67,153.4,No,October 26-November 1
11212,Ocean Hill-Brownsville,11212,40.662935,-73.913011,8.9,809,72,196,No,October 26-November 1
11213,Crown Heights (East),11213,40.671074,-73.93633,10.96,584,64,159.4,No,October 26-November 1
11214,Bath Beach/Bensonhurst/Gravesend,11214,40.598729,-73.99621,10.51,837,88,145.5,No,October 26-November 1
11215,Gowanus/Park Slope/Windsor Terrace,11215,40.66252,-73.986872,10.62,659,70,155.1,No,October 26-November 1
11216,Bedford-Stuyvesant (West)/Crown Heights (West),11216,40.680785,-73.94931,9.41,510,48,149.6,No,October 26-November 1
11217,Boerum Hill/Park Slope,"11217, 11243",40.682417,-73.97938,9.93,453,45,183.5,No,October 26-November 1
11218,Kensington/Windsor Terrace,11218,40.64348,-73.976044,5.43,1198,65,189.2,No,October 26-November 1
11219,Borough Park,11219,40.632662,-73.996666,3.17,2709,86,142.1,No,October 26-November 1
11220,Sunset Park,11220,40.641081,-74.016495,10.86,912,99,152.2,No,October 26-November 1
11221,Bedford-Stuyvesant (East)/Bushwick,11221,40.691339,-73.927885,10.56,824,87,164.5,No,October 26-November 1
11222,Greenpoint,11222,40.728292,-73.947562,7.92,379,30,155,No,October 26-November 1
11223,Gravesend/Homecrest,11223,40.597169,-73.973422,10.85,728,79,141.1,No,October 26-November 1
11224,Brighton Beach/Coney Island/Seagate,11224,40.57666,-73.988581,12.84,475,61,172.9,No,October 26-November 1
11225,Crown Heights (West)/Prospect Lefferts Gardens,11225,40.663056,-73.954226,9.65,518,50,156.5,No,October 26-November 1
11226,Flatbush/Prospect Lefferts Gardens,11226,40.646456,-73.956654,12.27,937,115,165.4,No,October 26-November 1
11228,Bath Beach/Dyker Heights,11228,40.616715,-74.013054,14.17,374,53,115.6,No,October 26-November 1
11229,Gerritsen Beach/Homecrest/Sheepshead Bay,11229,40.601175,-73.944465,15.07,670,101,131.7,No,October 26-November 1
11230,Midwood,11230,40.622164,-73.965096,9.42,860,81,160.9,No,October 26-November 1
11231,Carroll Gardens/Cobble Hill/Red Hook,11231,40.677562,-74.004445,6.59,364,24,163.2,No,October 26-November 1
11232,Sunset Park,11232,40.655984,-74.005304,11.97,259,31,140.3,No,October 26-November 1
11233,Bedford-Stuyvesant (East)/Ocean Hill-Brownsville,11233,40.678302,-73.919931,9.06,684,62,157.4,No,October 26-November 1
11234,Bergen Beach/Flatlands/Marine Park/Mill Basin,11234,40.60758,-73.910513,9.89,728,72,130.8,No,October 26-November 1
11235,Brighton Beach/Manhattan Beach/Sheepshead Bay,11235,40.583915,-73.949669,11.83,803,95,161.1,No,October 26-November 1
11236,Canarsie,11236,40.640004,-73.901459,10.82,767,83,134.9,No,October 26-November 1
11237,Bushwick/East Williamsburg,11237,40.704153,-73.920883,10.35,454,47,166.7,No,October 26-November 1
11238,Clinton Hill/Prospect Heights,11238,40.679179,-73.963804,10.24,586,60,186.7,No,October 26-November 1
11239,East New York,11239,40.64753,-73.882398,11.76,136,16,176.6,No,October 26-November 1
11354,Flushing/Murray Hill,11354,40.76863,-73.827229,13.81,485,67,133.5,No,October 26-November 1
11355,Flushing/Murray Hill/Queensboro Hill,11355,40.751459,-73.821014,13.39,762,102,144.6,No,October 26-November 1
11356,College Point,11356,40.784867,-73.841495,10.78,204,22,135.9,No,October 26-November 1
11357,Whitestone,11357,40.78639,-73.810964,12.05,365,44,152.4,No,October 26-November 1
11358,Auburndale/Murray Hill,11358,40.760475,-73.79637,12.26,318,39,147.1,No,October 26-November 1
11360,Bayside (North),11360,40.78205,-73.7808,13.98,186,26,136.5,No,October 26-November 1
11361,Bayside (North)/Bayside (South),11361,40.763748,-73.772419,12.67,221,28,125.1,No,October 26-November 1
11362,Douglaston-Little Neck,11362,40.756533,-73.736995,10.92,174,19,176.8,No,October 26-November 1
11363,Douglaston-Little Neck,11363,40.772803,-73.746444,7.94,63,5,163.3,No,October 26-November 1
11364,Bayside (South)/Oakland Gardens,11364,40.745279,-73.760578,10.37,328,34,148.5,No,October 26-November 1
11365,Auburndale/Fresh Meadows/Pomonok/Utopia,11365,40.739775,-73.794806,10.92,412,45,152.9,No,October 26-November 1
11366,Fresh Meadows/Hillcrest,11366,40.728136,-73.784981,13.27,113,15,119.6,No,October 26-November 1
11367,Kew Gardens Hills/Pomonok,11367,40.730383,-73.826297,12.16,403,49,130.3,No,October 26-November 1
11368,Corona/North Corona,11368,40.749594,-73.852604,9.05,928,84,136.8,No,October 26-November 1
11369,Airport/East Elmhurst,11369,40.768944,-73.872812,10.98,328,36,163.6,No,October 26-November 1
11370,Jackson Heights/Rikers Island,11370,40.763466,-73.891021,11.55,251,29,132.2,No,October 26-November 1
11372,Jackson Heights,11372,40.75169,-73.883634,13.05,521,68,143.4,No,October 26-November 1
11373,Elmhurst,11373,40.738823,-73.8785,11.93,788,94,127.7,No,October 26-November 1
11374,Rego Park,11374,40.726441,-73.861497,10.96,447,49,178.8,No,October 26-November 1
11375,Forest Hills,11375,40.720931,-73.846184,13.53,643,87,140.3,No,October 26-November 1
11377,Woodside,11377,40.744823,-73.90516,10.44,728,76,136.8,No,October 26-November 1
11378,Maspeth,11378,40.724768,-73.909399,12.09,339,41,157.7,No,October 26-November 1
11379,Middle Village,11379,40.716758,-73.879597,12.99,331,43,122.8,No,October 26-November 1
11385,Glendale/Ridgewood,11385,40.701058,-73.890159,9.73,894,87,147.7,No,October 26-November 1
11411,Cambria Heights,11411,40.694202,-73.735998,8.43,178,15,140.3,No,October 26-November 1
11412,St. Albans,11412,40.698095,-73.758984,10.76,353,38,139.1,No,October 26-November 1
11413,Laurelton/Rosedale,11413,40.669738,-73.750842,9.69,382,37,145.8,No,October 26-November 1
11414,Hamilton Beach/Howard Beach/Lindenwood,11414,40.658266,-73.844905,14.57,254,37,148.1,No,October 26-November 1
11415,Kew Gardens,11415,40.708323,-73.828212,9.95,191,19,148.4,No,October 26-November 1
11416,Ozone Park,11416,40.684652,-73.849549,9.78,276,27,159.2,No,October 26-November 1
11417,Ozone Park,11417,40.676457,-73.844522,13.53,303,41,161.1,No,October 26-November 1
11418,Richmond Hill,11418,40.700236,-73.836062,13.48,408,55,157,No,October 26-November 1
11419,Richmond Hill/South Ozone Park,11419,40.688676,-73.822901,17.96,451,81,162.9,No,October 26-November 1
11420,South Ozone Park,11420,40.673518,-73.817812,12.92,449,58,123.3,No,October 26-November 1
11421,Woodhaven,11421,40.69405,-73.85867,15.45,369,57,142.3,No,October 26-November 1
11422,Rosedale,11422,40.660819,-73.73608,14.84,256,38,138.9,No,October 26-November 1
11423,Hollis/Holliswood,11423,40.71491,-73.767865,11.95,293,35,160.6,No,October 26-November 1
11426,Bellerose,11426,40.736521,-73.722384,16.77,155,26,119,No,October 26-November 1
11427,Bellerose/Hollis Hills/Holliswood,11427,40.730915,-73.745611,14.06,192,27,144.2,No,October 26-November 1
11428,Queens Village,11428,40.721015,-73.742206,8.78,205,18,199.1,No,October 26-November 1
11429,Queens Village,11429,40.709772,-73.738731,11.11,261,29,136.6,No,October 26-November 1
11432,Hillcrest/Jamaica Estates/Jamaica Hills,11432,40.715359,-73.793064,14.31,636,91,148.1,No,October 26-November 1
11433,Jamaica,11433,40.69823,-73.787095,9.02,410,37,167,No,October 26-November 1
11434,Airport/South Jamaica/Springfield Gardens/St. Albans,11434,40.656866,-73.783386,11.78,628,74,166.3,No,October 26-November 1
11435,Briarwood/Jamaica,11435,40.701291,-73.809618,11.94,578,69,154.1,No,October 26-November 1
11436,South Jamaica/South Ozone Park,11436,40.675819,-73.796618,9.66,176,17,134.7,No,October 26-November 1
11691,Edgemere/Far Rockaway,11691,40.60133,-73.761357,11.16,493,55,112.2,No,October 26-November 1
11692,Arverne/Edgemere,11692,40.592794,-73.792203,14.45,173,25,137.9,No,October 26-November 1
11693,Arverne/Broad Channel,11693,40.603699,-73.821926,21.57,102,22,118.4,No,October 26-November 1
11694,Belle Harbor-Neponsit/Rockaway Park,11694,40.577599,-73.844553,16.46,158,26,115.5,No,October 26-November 1
11697,Breezy Point,11697,40.55907,-73.907199,19.05,42,8,265.3,Yes,October 26-November 1
